,City,Cloudiness,Country,Date,Humidity,Lat,Lng,Max Temp,Wind Speed
0,Saint John,90,CA,1570544031,100,45.28,-66.06,13.33,2.6
1,Naze,100,NG,1570544072,94,5.43,7.07,23.31,2.82
2,Mahebourg,75,MU,1570544073,69,-20.41,57.7,23.33,7.2
3,Ushuaia,75,AR,1570543835,84,-54.81,-68.31,3.0,13.9
4,Cleethorpes,40,GB,1570544074,63,53.56,-0.03,16.11,9.3
5,Hilo,90,US,1570544075,73,19.71,-155.08,24.0,2.1
6,Atuona,2,PF,1570544075,77,-9.8,-139.03,25.91,7.1
7,Iisalmi,90,FI,1570544075,69,63.56,27.19,3.0,4.1
8,Busselton,100,AU,1570544076,49,-33.64,115.35,16.67,8.39
9,Barrow,12,AR,1570544076,36,-38.31,-60.23,16.81,5.85
10,Namatanai,43,PG,1570544077,85,-3.66,152.44,26.01,5.32
11,Rikitea,100,PF,1570544077,80,-23.12,-134.97,19.71,4.16
12,Oudtshoorn,20,ZA,1570544078,68,-33.59,22.2,21.0,4.6
13,Areka,100,ET,1570544079,84,7.07,37.71,20.61,1.38
14,Fortuna,1,US,1570544080,93,40.6,-124.16,11.11,1.5
15,Alabaster,90,US,1570544080,82,33.24,-86.82,20.0,1.5
16,Avarua,100,CK,1570544081,60,-21.21,-159.78,21.0,2.6
17,Taltal,0,CL,1570544082,54,-25.41,-70.49,17.91,2.61
18,Jamestown,0,AU,1570544082,88,-33.21,138.6,3.91,3.69
19,Kenora,16,CA,1570544083,76,49.76,-94.48,11.0,7.7
20,Jieshi,66,CN,1570544083,73,22.82,115.83,27.78,0.45
21,Tabou,92,CI,1570544083,71,4.42,-7.36,27.21,4.32
22,Mataura,100,NZ,1570544084,97,-46.19,168.86,10.56,0.45
23,Bida,73,NG,1570544084,74,9.08,6.02,27.81,4.86
24,Albany,75,US,1570544019,82,42.65,-73.75,14.44,1.5
25,Punta Arenas,40,CL,1570544085,56,-53.16,-70.91,7.0,15.9
26,Tsimlyansk,100,RU,1570544085,69,47.65,42.1,13.31,6.89
27,Guerrero Negro,0,MX,1570544085,77,27.97,-114.04,21.11,3.67
28,Floro,75,NO,1570544086,81,61.6,5.03,10.56,5.7
29,Ribeira Grande,20,PT,1570544086,56,38.52,-28.7,22.0,7.2
30,Margate,40,AU,1570544086,70,-43.03,147.26,7.0,3.1
31,San Luis,0,AR,1570544087,24,-33.3,-66.34,26.41,2.5
32,Hermanus,0,ZA,1570544087,61,-34.42,19.24,19.44,6.26
33,Santa Isabel do Rio Negro,74,BR,1570544088,46,-0.41,-65.02,33.81,1.63
34,Ponta do Sol,99,BR,1570544088,83,-20.63,-46.0,21.01,2.85
35,Czluchow,100,PL,1570544089,92,53.67,17.36,7.22,3.58
36,Aklavik,5,CA,1570544089,85,68.22,-135.01,-3.0,2.6
37,Hobart,40,AU,1570543923,70,-42.88,147.33,7.0,3.1
38,Yellowknife,40,CA,1570543932,79,62.45,-114.38,-3.0,6.7
39,High Level,90,CA,1570544090,79,58.52,-117.13,-3.0,4.6
40,Pilar,0,AR,1570544090,30,-34.46,-58.91,24.44,4.6
41,Tuktoyaktuk,75,CA,1570544091,86,69.44,-133.03,-3.0,6.7
42,Ewa Beach,75,US,1570544092,65,21.32,-158.01,26.0,3.55
43,Torbay,90,CA,1570544092,72,47.66,-52.73,17.78,10.3
44,Cape Town,40,ZA,1570544092,59,-33.93,18.42,19.44,7.2
45,Evensk,0,RU,1570544093,51,61.92,159.24,-6.9,4.51
46,Saldanha,97,PT,1570544093,39,41.42,-6.55,26.91,3.64
47,Saint-Philippe,1,CA,1570544094,71,45.36,-73.48,13.0,2.99
48,Rocha,0,UY,1570544094,47,-34.48,-54.34,20.01,4.72
49,Kathmandu,40,NP,1570543864,82,27.71,85.32,20.0,4.1
50,Rock Sound,83,BS,1570544096,80,24.9,-76.2,28.21,6.36
51,Carnarvon,0,ZA,1570544097,10,-30.97,22.13,26.51,6.16
52,Cecina,0,IT,1570544097,53,43.31,10.52,24.44,2.6
53,Port Alfred,0,ZA,1570544098,78,-33.59,26.89,20.0,0.45
54,Pangnirtung,90,CA,1570544098,84,66.15,-65.72,3.0,1.0
55,Vaini,40,IN,1570544098,88,15.34,74.49,23.0,0.58
56,Braganca,100,BR,1570544099,64,-1.05,-46.77,29.71,3.2
57,Puri,96,ID,1570543714,79,-7.54,112.45,23.61,3.36
58,Pouebo,78,NC,1570544099,85,-20.4,164.57,16.81,1.56
59,Butaritari,100,KI,1570544099,64,3.07,172.79,29.71,3.84
60,Ilulissat,20,GL,1570544100,58,69.22,-51.1,-1.0,1.5
61,Tiksi,100,RU,1570544100,85,71.64,128.87,-3.7,8.04
62,Thompson,75,CA,1570544100,93,55.74,-97.86,6.0,1.5
63,Upernavik,100,GL,1570543931,48,72.79,-56.15,-1.5,3.02
64,Puerto Ayora,20,EC,1570544102,68,-0.74,-90.35,22.0,6.7
65,Chumikan,100,RU,1570544102,99,54.72,135.31,1.01,1.61
66,Constitucion,5,MX,1570544103,76,23.99,-104.67,13.89,2.42
67,Auki,95,NG,1570544103,59,12.18,6.51,29.11,1.88
68,Tezu,87,IN,1570544104,79,27.93,96.16,21.41,1.45
69,Hasaki,75,JP,1570544105,100,35.73,140.83,21.11,3.1
70,Poya,60,NC,1570544106,70,-21.35,165.16,21.31,2.9
71,Manakara,1,MG,1570544106,82,-22.14,48.01,22.81,3.5
72,Karratha,0,AU,1570543552,32,-20.74,116.85,25.01,3.74
73,Cabo San Lucas,5,MX,1570543873,73,22.89,-109.91,28.33,2.48
74,San Patricio,0,PY,1570544110,43,-26.98,-56.83,27.21,2.47
75,Awbari,0,LY,1570543554,9,26.59,12.77,31.81,7.15
76,Ginir,90,ET,1570544111,88,7.14,40.71,16.11,0.28
77,Lagoa,0,PT,1570544112,65,37.14,-8.45,26.67,2.1
78,Ilinge,0,ZA,1570544112,17,-31.98,27.04,25.61,1.12
79,Tasiilaq,75,GL,1570544113,60,65.61,-37.64,5.0,2.6
80,Lipin Bor,100,RU,1570544113,97,60.26,37.97,0.41,5.44
81,Jegunovce,0,MK,1570544114,32,42.07,21.12,20.0,3.6
82,Najran,0,SA,1570544114,18,17.54,44.22,32.0,4.1
83,Bambous Virieux,75,MU,1570544114,69,-20.34,57.76,23.33,7.2
84,Roald,75,NO,1570544115,87,62.58,6.12,10.0,4.1
85,Hami,54,CN,1570544116,23,42.84,93.51,15.21,1.02
86,Matagami,75,NG,1570544116,88,9.67,8.4,20.0,7.7
87,Buala,96,SB,1570544117,79,-8.15,159.59,26.91,1.84
88,Qaanaaq,100,GL,1570544117,72,77.48,-69.36,-6.9,5.05
89,Kutum,2,SD,1570543531,35,14.2,24.66,29.41,4.47
90,Hovd,0,NO,1570544117,52,63.83,10.7,10.56,9.8
91,Am Timan,92,TD,1570544118,77,11.04,20.28,27.61,1.83
92,Sydney,75,AU,1570543977,62,-33.85,151.22,13.0,7.2
93,Waingapu,0,ID,1570544118,68,-9.65,120.26,22.11,2.19
94,Mar del Plata,85,AR,1570544092,36,-46.43,-67.52,12.01,9.54
95,Meadow Lake,90,CA,1570544119,79,54.13,-108.44,-2.0,8.7
96,Kapaa,75,US,1570544119,83,22.08,-159.32,26.0,2.6
97,Cherskiy,91,RU,1570544120,96,68.75,161.3,-5.6,5.44
98,Carmo,100,BR,1570544120,57,-21.93,-42.61,28.81,1.44
99,Lamu,100,CN,1570544121,74,35.77,102.37,8.81,1.88
100,Cockburn Town,98,TC,1570544121,80,21.46,-71.14,28.51,6.9
101,Airai,0,TL,1570544121,82,-8.93,125.41,20.61,1.69
102,Bredasdorp,0,ZA,1570544121,36,-34.53,20.04,24.0,9.8
103,Montemorelos,11,MX,1570544122,67,25.19,-99.83,24.71,0.99
104,Lake City,1,US,1570544122,53,38.03,-107.32,7.22,3.24
105,Leh,0,IN,1570544122,35,34.16,77.58,-0.1,2.76
106,Banfora,100,BF,1570544123,59,10.64,-4.75,30.71,2.3
107,Hithadhoo,0,MV,1570544123,72,-0.6,73.08,27.71,5.33
108,Okhotsk,100,RU,1570544124,96,59.36,143.24,-1.8,4.87
109,Victoria,75,BN,1570544067,88,5.28,115.24,27.0,0.5
110,Verin,42,ES,1570544124,74,41.94,-7.44,22.78,4.47
111,Paamiut,100,GL,1570544124,78,61.99,-49.67,4.31,3.08
112,Vestmannaeyjar,75,IS,1570544124,87,63.44,-20.27,11.0,3.1
113,Camacha,40,PT,1570544125,69,33.08,-16.33,25.0,7.2
114,Codrington,90,AU,1570544126,82,-28.95,153.24,19.0,3.6
115,Vila do Maio,20,CV,1570544126,55,15.13,-23.22,31.0,7.2
116,Nikolskoye,75,RU,1570544126,48,59.7,30.79,6.11,5.0
117,Meulaboh,100,ID,1570544127,80,4.14,96.13,26.71,4.47
118,Bluff,50,AU,1570544127,27,-23.58,149.07,23.71,4.2
119,Mutoko,87,ZW,1570544128,25,-17.4,32.23,29.51,4.03
120,Longyearbyen,75,NO,1570544128,93,78.22,15.63,2.0,1.0
121,Adrar,0,DZ,1570544129,19,27.87,-0.29,33.0,8.7
122,Mazyr,100,BY,1570544129,60,52.05,29.27,7.11,3.31
123,Shimoda,83,JP,1570544129,75,34.7,138.93,22.78,3.13
124,Arraial do Cabo,40,BR,1570544130,83,-22.97,-42.02,27.0,4.1
125,Zhezkazgan,0,KZ,1570544130,18,47.8,67.71,18.0,2.23
126,Moerai,61,PF,1570544130,59,-22.43,-151.33,20.01,6.7
127,East London,0,ZA,1570544131,56,-33.02,27.91,22.0,5.1
128,Nanchang,1,CN,1570544131,74,28.68,115.89,17.11,1.93
129,Pacifica,20,US,1570544131,82,37.61,-122.49,16.11,1.5
130,Podor,64,MR,1570544132,28,16.65,-14.96,37.41,7.09
131,Bonavista,100,CA,1570543533,82,48.65,-53.11,16.67,6.71
132,Grindavik,0,IS,1570544132,71,63.84,-22.43,12.0,4.6
133,Sobolevo,100,RU,1570544133,97,54.43,31.9,3.01,4.93
134,Lebu,75,ET,1570544133,43,8.96,38.73,23.0,6.2
135,Carutapera,89,BR,1570544134,59,-1.2,-46.02,30.51,5.28
136,Ozernovskiy,93,RU,1570544134,80,51.5,156.52,5.81,5.17
137,Terney,100,RU,1570544134,89,45.05,136.61,5.31,7.36
138,Pitelino,83,RU,1570544136,68,54.58,41.81,2.91,2.23
139,Pevek,100,RU,1570544137,93,69.7,170.27,-0.1,9.54
140,Klyuchi,0,RU,1570544137,58,52.25,79.17,14.11,3.29
141,Lavrentiya,100,RU,1570544137,98,65.58,-170.99,0.61,3.32
142,Port Elizabeth,20,US,1570544138,67,39.31,-74.98,17.78,7.2
143,Linjiang,0,CN,1570544139,66,41.81,126.91,0.51,1.28
144,Raudeberg,75,NO,1570544140,81,61.99,5.14,10.0,5.7
145,Mount Isa,0,AU,1570544140,14,-20.73,139.49,27.0,9.3
146,Ivdel,75,RU,1570544141,85,60.7,60.42,4.11,2.6
147,Siyabuswa,28,ZA,1570544141,7,-25.11,29.06,36.11,4.89
148,Kushiro,79,JP,1570544141,91,43.11,144.15,14.91,6.15
149,Porto Nacional,40,BR,1570544142,62,-10.7,-48.41,30.0,2.6
150,Harare,0,ZW,1570544142,25,-17.83,31.05,29.0,3.6
151,Sao Filipe,10,CV,1570544142,83,14.9,-24.5,25.31,5.26
152,Denpasar,20,ID,1570544143,88,-8.65,115.22,26.0,1.5
153,Provideniya,100,RU,1570544143,99,64.42,-173.23,0.91,3.4
154,New Norfolk,40,AU,1570544143,70,-42.78,147.06,7.0,3.1
155,Port Lincoln,2,AU,1570544143,67,-34.72,135.86,12.11,5.39
156,Kavaratti,1,IN,1570544144,69,10.57,72.64,28.61,2.71
157,Brokopondo,40,SR,1570544144,62,5.06,-54.98,31.11,4.6
158,Xinqing,0,CN,1570544145,67,48.28,129.53,0.81,2.34
159,Georgetown,75,GY,1570544136,70,6.8,-58.16,31.0,4.1
160,Geraldton,20,CA,1570544145,86,49.72,-86.95,5.0,2.6
161,Lompoc,40,US,1570543911,87,34.64,-120.46,13.89,2.57
162,Port Hardy,75,CA,1570544146,86,50.7,-127.42,4.0,3.6
163,Kidal,48,ML,1570544146,12,18.44,1.41,40.71,2.9
164,Bowen,0,AU,1570544146,94,-20.01,148.25,20.0,3.6
165,Ehingen,90,DE,1570544147,100,49.09,10.54,14.44,3.1
166,Husavik,0,CA,1570544147,60,50.56,-96.99,11.67,3.58
167,Umkomaas,0,ZA,1570544147,71,-30.21,30.8,23.89,0.89
168,Mehamn,40,NO,1570544147,78,71.03,27.85,4.0,0.5
169,Ayr,0,AU,1570544148,86,-19.58,147.4,19.44,1.14
170,Impfondo,22,CD,1570544148,63,1.62,18.06,29.41,1.0
171,Saint George,90,GR,1570544148,100,39.45,22.34,18.0,3.1
172,Xiongzhou,20,CN,1570544148,100,32.34,118.83,17.78,1.0
173,Pontes e Lacerda,99,BR,1570544149,43,-15.23,-59.33,31.71,2.51
174,Akron,1,US,1570544122,93,41.08,-81.52,15.56,3.3
175,Dhekiajuli,44,IN,1570544149,86,26.71,92.48,15.41,2.71
176,Eydhafushi,100,MV,1570544149,71,5.1,73.07,28.51,3.09
177,Henties Bay,9,NA,1570544150,87,-22.12,14.28,17.22,2.68
178,Kodiak,1,US,1570544150,76,39.95,-94.76,13.33,3.1
179,Chokurdakh,87,RU,1570544150,99,70.62,147.9,-12.7,0.62
180,Paita,0,PE,1570544151,290,-5.09,-81.11,17.0,8.2
181,Altamira,58,BR,1570544151,43,-3.2,-52.21,34.41,2.23
182,Faanui,62,PF,1570544151,84,-16.48,-151.75,25.11,9.54
183,Russell,1,US,1570543993,66,38.9,-98.86,13.89,6.2
184,Praia da Vitoria,40,PT,1570544152,64,38.73,-27.07,20.0,5.38
185,Beruwala,100,LK,1570544152,78,6.48,79.98,27.91,5.81
186,Sola,57,TZ,1570544152,19,-3.17,33.8,30.61,3.34
187,Tiznit,0,MA,1570544152,81,29.7,-9.73,20.81,3.12
188,Adelaide,75,AU,1570544062,66,-34.93,138.6,11.67,3.1
189,Sivani,0,IN,1570544153,74,22.09,79.55,21.41,4.3
190,Novi Bilokorovychi,100,UA,1570544153,58,51.12,28.05,7.21,2.95
191,Kaitangata,100,NZ,1570544154,91,-46.28,169.85,10.0,1.34
192,Weligama,100,LK,1570544154,77,5.97,80.42,28.01,4.64
193,Sinnamary,0,GF,1570544154,77,5.38,-52.96,28.41,7.15
194,Itambacuri,89,BR,1570544154,48,-18.04,-41.68,29.11,1.67
195,Fort Nelson,90,CA,1570544155,79,58.81,-122.69,-2.0,2.6
196,Chuy,0,UY,1570544155,51,-33.69,-53.46,19.81,2.03
197,Beringovskiy,99,RU,1570543932,84,63.05,179.32,-1.1,2.29
198,Nouadhibou,0,MR,1570544156,36,20.93,-17.03,33.0,3.6
199,Iqaluit,90,CA,1570544157,86,63.75,-68.52,4.0,1.0
200,Honningsvag,40,NO,1570544157,68,70.98,25.97,3.0,0.5
201,Pathein,100,MM,1570544157,87,16.78,94.73,25.21,2.18
202,Schaffhausen,75,CH,1570544062,55,47.7,8.63,18.33,3.1
203,Cidreira,86,BR,1570544158,54,-30.17,-50.22,23.51,4.3
204,Hualmay,100,PE,1570544158,88,-11.1,-77.61,15.41,5.76
205,Richards Bay,0,ZA,1570543874,80,-28.77,32.06,21.21,4.86
206,Berlevag,40,NO,1570544158,71,70.86,29.09,4.0,7.7
207,Zdolbuniv,0,UA,1570544159,37,50.52,26.24,10.0,7.0
208,Noumea,90,NC,1570543870,82,-22.28,166.46,23.89,0.5
209,Gorom-Gorom,60,BF,1570544159,14,14.45,-0.24,39.81,3.83
210,Klaksvik,64,FO,1570544160,100,62.23,-6.59,9.0,10.8
211,Mugur-Aksy,0,RU,1570544160,60,50.38,90.44,-1.2,1.76
212,Souillac,90,FR,1570544160,73,45.6,-0.6,22.78,5.1
213,West Bay,75,CA,1570544161,70,49.34,-123.21,9.44,7.7
214,Emerald,51,AU,1570544161,24,-23.53,148.16,27.0,3.6
215,Yulara,0,AU,1570544161,25,-25.24,130.99,23.0,5.7
216,Shaki,40,AM,1570544162,15,39.56,46.0,28.0,2.1
217,Paungde,0,MM,1570544162,81,18.49,95.51,25.21,1.04
218,Westport,75,US,1570544163,72,41.14,-73.36,16.67,3.1
219,Yumen,89,CN,1570544163,35,40.29,97.04,13.21,2.21
220,Jining,85,CN,1570544163,50,35.41,116.58,17.71,2.58
221,Salalah,40,OM,1570544164,74,17.01,54.1,28.0,4.1
222,Nicoya,40,CR,1570543926,94,10.15,-85.45,25.0,1.5
223,Tura,0,RU,1570544164,85,64.27,100.22,-10.0,2.33
224,Port Macquarie,13,AU,1570543890,44,-31.43,152.91,15.0,6.7
225,Severo-Kurilsk,71,RU,1570544165,84,50.68,156.12,7.41,6.75
226,Havre-Saint-Pierre,90,CA,1570544165,93,50.23,-63.6,9.0,6.7
227,Castro,90,CL,1570544165,87,-42.48,-73.76,8.0,2.1
228,Champerico,90,MX,1570544165,88,16.38,-93.6,22.0,2.35
229,Itoman,75,JP,1570544166,78,26.12,127.67,26.0,4.1
230,Lewiston,1,US,1570544166,82,44.1,-70.21,14.44,2.1
231,Egvekinot,100,RU,1570544166,96,66.32,-179.17,-2.5,3.75
232,Sumbawanga,20,TZ,1570544167,29,-7.95,31.62,26.0,4.6
233,Valparaiso,1,US,1570544067,76,41.47,-87.06,14.44,2.1
234,Shitanjing,99,CN,1570544167,21,39.23,106.34,15.56,3.16
235,Maple Creek,100,CA,1570544168,87,49.91,-109.46,5.61,5.02
236,Pinos,20,ES,1570544168,57,38.68,-0.01,27.78,3.6
237,Sarh,40,TD,1570544168,49,9.14,18.39,32.0,2.1
238,Outjo,22,NA,1570544168,9,-20.11,16.16,35.0,2.1
239,Hambantota,70,LK,1570544169,78,6.12,81.12,27.61,5.77
240,Simao,4,CN,1570544169,81,22.76,100.79,17.01,0.33
241,Alofi,100,NU,1570544115,78,-19.06,-169.92,23.0,4.1
242,Sistranda,0,NO,1570544170,57,63.73,8.83,10.56,6.2
243,Jurm,38,AF,1570544170,41,36.86,70.83,10.41,1.64
244,Walvis Bay,3,NA,1570544170,52,-22.95,14.51,21.0,3.1
245,Saskylakh,54,RU,1570544171,96,71.97,114.09,-9.3,4.41
246,Srednekolymsk,0,RU,1570544171,91,67.46,153.71,-12.6,1.62
247,Portland,75,US,1570544135,87,43.66,-70.25,14.44,2.6
248,Kodinsk,0,RU,1570544171,88,58.6,99.18,-2.5,2.23
249,Ahmadnagar,34,IN,1570544172,73,19.09,74.75,24.91,2.99
250,Kalmunai,12,LK,1570544172,90,7.42,81.82,24.71,1.98
251,Sakaraha,94,MG,1570544173,33,-22.91,44.53,28.71,3.6
252,Comodoro Rivadavia,40,AR,1570544169,52,-45.87,-67.48,16.0,8.7
253,Miandrivazo,99,MG,1570544174,41,-19.53,45.46,30.41,2.75
254,Taoudenni,17,ML,1570544174,5,22.68,-3.98,39.91,7.73
255,Balikpapan,28,ID,1570544174,97,-1.24,116.86,22.81,1.32
256,Ostrovnoy,100,RU,1570544175,90,68.05,39.51,2.71,8.83
257,Namibe,90,AO,1570544175,69,-15.19,12.15,23.0,6.7
258,Mandera,64,ET,1570544176,43,3.94,41.86,31.31,1.83
259,Ukiah,1,US,1570544116,75,39.15,-123.21,16.67,1.65
260,Labytnangi,100,RU,1570544177,87,66.66,66.39,-1.5,1.64
261,Lorengau,4,PG,1570544178,86,-2.02,147.27,26.11,1.98
262,Christchurch,100,NZ,1570544041,63,-43.53,172.64,16.11,4.1
263,Isangel,100,VU,1570544178,77,-19.55,169.27,23.61,4.91
264,Bremervorde,40,DE,1570544179,77,53.48,9.13,15.56,7.2
265,Mabaruma,100,GY,1570544179,57,8.2,-59.78,31.81,2.2
266,Inyonga,87,TZ,1570544180,23,-6.72,32.06,29.91,2.12
267,Gasa,100,BT,1570544180,96,27.91,89.73,0.71,3.48
268,Cururupu,100,BR,1570544180,60,-1.82,-44.87,29.51,3.06
269,Kalabo,49,ZM,1570544181,20,-15.0,22.67,32.31,5.37
270,Berdigestyakh,92,RU,1570544182,96,62.1,126.7,-3.7,2.55
271,Aykhal,90,RU,1570544183,92,65.95,111.51,-9.0,4.0
272,Vanavara,0,RU,1570544183,76,60.35,102.28,-4.9,2.73
273,Narsaq,75,GL,1570544183,82,60.91,-46.05,4.0,1.0
274,Kruisfontein,0,ZA,1570544184,75,-34.0,24.73,17.71,2.89
275,Kihei,1,US,1570544184,82,20.76,-156.45,23.89,2.1
276,Arsk,75,RU,1570544184,75,56.09,49.88,5.0,4.0
277,Bako,100,BF,1570544185,41,12.29,-0.73,33.91,3.59
278,Rodrigues Alves,75,BR,1570544185,83,-7.74,-72.65,24.0,3.1
279,Sauda,75,NO,1570544185,87,59.65,6.35,11.11,5.7
280,Vao,99,EE,1570544186,90,59.1,26.19,5.31,3.43
281,Rudnogorsk,38,RU,1570544186,96,57.27,103.75,-3.9,2.0
282,Burnie,0,AU,1570544187,67,-41.05,145.91,6.67,7.6
283,Penapolis,69,BR,1570543987,43,-21.42,-50.08,30.51,2.73
284,Killam,100,CA,1570544188,71,52.79,-111.86,-2.3,8.18
285,Avola,75,IT,1570543947,53,36.91,15.13,25.0,13.9
286,Ugoofaaru,51,MV,1570544189,72,5.67,73.0,28.51,3.38
287,Bahia Honda,97,CU,1570544189,75,22.9,-83.16,27.91,3.75
288,Talnakh,0,RU,1570544190,92,69.49,88.39,-6.0,2.0
289,Bayir,75,TR,1570544190,78,37.27,28.22,23.0,1.0
290,Carman,1,CA,1570544190,62,49.51,-98.0,11.0,2.6
291,Eureka,1,US,1570543956,93,40.8,-124.16,11.11,1.5
292,Canto do Buriti,0,BR,1570544191,29,-8.11,-42.94,35.21,3.81
293,Joshimath,0,IN,1570544191,81,30.57,79.57,8.01,1.32
294,Touros,40,BR,1570544191,45,-5.2,-35.46,30.0,8.2
295,Coahuayana,99,MX,1570544192,91,18.62,-100.35,22.61,0.33
296,Hornepayne,0,CA,1570544192,56,49.22,-84.78,11.41,4.99
297,Rawson,0,AR,1570544192,32,-43.3,-65.11,15.31,9.47
298,Mao,75,DO,1570544192,74,19.55,-71.08,31.67,3.6
299,Port Moresby,75,PG,1570543989,94,-9.47,147.16,24.0,5.1
300,Acandi,65,CO,1570544193,65,8.51,-77.28,28.51,1.15
301,Dikson,0,RU,1570544193,73,73.51,80.55,-5.2,2.87
302,Kavieng,50,PG,1570544194,71,-2.57,150.8,29.21,4.09
303,Salinopolis,100,BR,1570544194,80,-0.61,-47.36,27.31,7.28
304,Zhuhai,0,CN,1570544195,45,40.71,112.04,8.0,2.0
305,Rio Gallegos,40,AR,1570544195,36,-51.62,-69.22,9.0,14.4
306,Bethel,90,US,1570544033,100,60.79,-161.76,8.0,6.7
307,Kattivakkam,20,IN,1570544196,74,13.22,80.32,30.0,3.6
308,Martapura,35,ID,1570544197,78,-3.41,114.85,27.0,1.5
309,Vila Velha,40,BR,1570544197,52,-3.71,-38.6,31.0,10.3
310,Chicama,90,PE,1570544197,82,-7.84,-79.15,17.0,4.6
311,Chabahar,0,IR,1570544197,66,25.29,60.65,28.51,4.57
312,Camopi,97,GF,1570544198,40,3.17,-52.33,34.11,2.29
313,Bonga,100,ET,1570544198,96,7.26,36.25,16.81,0.43
314,Hun,75,BE,1570544198,87,50.34,4.87,15.0,4.6
315,Kahului,1,US,1570544199,82,20.89,-156.47,23.89,2.1
316,Puerto del Rosario,20,ES,1570544199,73,28.5,-13.86,24.0,5.7
317,Khatanga,62,RU,1570544199,92,71.98,102.47,-7.8,3.32
318,Norman Wells,75,CA,1570544200,92,65.28,-126.83,-3.0,1.5
319,Nantucket,90,US,1570544200,87,41.28,-70.1,16.11,3.1
320,Sterling,90,US,1570543993,93,39.0,-77.4,17.78,3.1
321,Coquimbo,20,CL,1570544201,77,-29.95,-71.34,31.67,5.1
322,Atyrau,0,KZ,1570544047,50,47.1,51.92,13.0,3.0
323,Curumani,50,CO,1570544201,63,9.2,-73.54,31.31,1.14
324,Goiatuba,94,BR,1570544202,57,-18.02,-49.36,27.41,2.62
325,Pueblo,1,US,1570544202,41,38.25,-104.61,17.22,2.1
326,San Jeronimo,0,PE,1570544202,328,-13.65,-73.37,3.0,3.1
327,Sao Joao da Barra,20,BR,1570544203,55,-21.64,-41.05,30.0,3.1
328,Toktogul,97,KG,1570544203,64,41.87,72.95,6.41,2.97
329,The Valley,40,AI,1570544204,70,18.22,-63.06,31.11,6.7
330,Juegang,21,CN,1570544204,78,32.31,121.18,19.44,4.24
331,Dubbo,0,AU,1570544204,60,-32.25,148.6,6.0,2.6
332,Mitsamiouli,20,KM,1570544204,55,-11.38,43.28,30.0,9.3
333,Ahipara,22,NZ,1570544205,100,-35.17,173.16,10.56,3.6
334,Trenggalek,51,ID,1570544205,93,-8.05,111.71,20.61,2.21
335,Bhinmal,0,IN,1570544205,34,25.01,72.27,30.31,2.84
336,Coihaique,75,CL,1570544206,99,-45.58,-72.07,10.0,13.9
337,Lykhivka,0,UA,1570544206,46,48.69,33.92,7.71,0.11
338,Sao Jose da Coroa Grande,69,BR,1570544206,69,-8.9,-35.15,26.51,5.13
339,Hailar,0,CN,1570544207,68,49.2,119.7,6.91,4.48
340,Yinchuan,100,CN,1570544207,21,38.48,106.21,15.56,3.04
341,Diffa,96,NE,1570543989,38,13.32,12.61,33.21,1.86
342,Ketchikan,1,US,1570544208,51,55.34,-131.65,6.0,4.1
343,Broome,40,GB,1570544208,72,52.47,1.45,17.22,3.6
344,Leningradskiy,100,RU,1570544208,97,69.38,178.42,1.81,11.16
345,Sindal,0,DK,1570544209,86,57.48,10.2,10.61,4.58
346,Sakaiminato,40,JP,1570544209,63,35.55,133.23,19.0,2.1
347,Brae,20,GB,1570544209,76,60.4,-1.35,12.0,7.7
348,Gat,20,SN,1570544210,70,14.69,-16.54,30.0,3.1
349,Juneau,1,US,1570544018,86,58.3,-134.42,0.56,2.29
350,Saint-Augustin,20,CA,1570544210,76,45.63,-73.98,12.78,2.6
351,Ust-Tarka,0,RU,1570544211,63,55.56,75.71,10.61,1.82
352,Saint-Joseph,0,FR,1570544211,53,43.56,6.97,25.0,6.2
353,Oranjemund,0,ZA,1570544211,83,-28.55,16.43,15.41,8.07
354,Lota,75,AU,1570544212,88,-27.47,153.19,21.67,6.2
355,Saint-Louis,75,SN,1570544212,70,16.03,-16.5,32.0,3.1
356,Rybnaya Sloboda,75,RU,1570544213,75,55.46,50.14,5.0,4.0
357,Coburg,90,DE,1570544213,93,50.26,10.96,12.78,9.3
358,Yanam,40,IN,1570544213,78,16.73,82.22,28.0,5.1
359,Mayo,40,CA,1570544213,78,63.59,-135.9,-8.0,1.0
360,Sai Buri,100,TH,1570544214,94,6.7,101.62,23.71,0.34
361,Cabedelo,75,BR,1570544214,65,-6.97,-34.84,28.0,6.2
362,Birao,98,CF,1570544215,68,10.3,22.78,27.81,2.43
363,Zabid,81,YE,1570544215,75,14.2,44.5,20.01,1.73
364,Harper,1,US,1570544215,77,30.3,-99.24,17.22,3.1
365,Staraya Mayna,100,RU,1570544216,65,54.61,48.93,7.0,2.0
366,Yar-Sale,100,RU,1570544216,78,66.83,70.83,1.21,5.96
367,Stokmarknes,20,NO,1570544216,48,68.56,14.91,7.22,5.1
368,Ancud,90,CL,1570544217,87,-41.87,-73.83,8.0,2.1
369,Flores da Cunha,93,BR,1570544115,62,-29.03,-51.18,25.56,1.68
370,Alugan,77,PH,1570544218,94,12.22,125.48,24.41,0.46
371,Batticaloa,12,LK,1570544219,90,7.71,81.69,24.71,1.98
372,Akureyri,75,IS,1570544219,71,65.68,-18.09,11.0,12.3
373,Haimen,31,CN,1570544219,78,31.87,121.18,20.56,2.02
374,Ta Khmau,40,KH,1570544148,79,11.48,104.95,29.0,1.0
375,Matamoros,1,US,1570544220,78,25.87,-97.51,27.78,2.6
376,Loikaw,0,MM,1570544220,89,19.67,97.21,17.01,0.31
377,Maningrida,27,AU,1570544221,93,-12.05,134.23,23.11,1.7
378,Zyryanka,100,RU,1570544221,68,65.73,150.89,-7.7,2.76
379,Albufeira,0,PT,1570544221,65,37.09,-8.25,26.67,2.1
380,Samarai,82,PG,1570544222,90,-10.62,150.67,21.91,2.05
381,Pisco,90,PE,1570544222,30,-13.71,-76.2,22.0,2.1
382,Faya,40,SA,1570544223,23,18.39,42.45,25.0,8.2
383,Los Llanos de Aridane,75,ES,1570544223,65,28.66,-17.92,25.0,4.6
384,Ikom,97,NG,1570544224,86,5.96,8.72,26.31,2.39
385,Praya,75,ID,1570544224,83,-8.71,116.27,26.0,2.6
386,Upington,0,ZA,1570544225,10,-28.46,21.24,29.0,2.6
387,Carnduff,96,CA,1570544225,70,49.17,-101.8,8.89,1.79
388,Laives,0,FR,1570544226,60,46.65,4.85,23.0,6.7
389,Maniitsoq,1,GL,1570544226,42,65.42,-52.9,2.81,1.28
390,Sambava,84,MG,1570544227,85,-14.27,50.17,21.01,0.9
391,Viedma,78,AR,1570544227,34,-40.81,-62.99,15.41,6.65
392,Tuatapere,100,NZ,1570544227,97,-46.13,167.69,10.56,0.45
393,Veraval,75,FR,1570544228,82,49.65,0.71,16.67,4.6
394,Greenwood,51,CA,1570543972,83,49.09,-118.68,-0.1,1.94
395,Council Bluffs,1,US,1570544209,76,41.26,-95.86,14.44,5.1
396,Lensk,73,RU,1570544230,96,60.71,114.91,-9.1,1.58
397,Cabra,0,ES,1570544230,24,37.47,-4.43,33.0,1.5
398,Aksu,0,KZ,1570544231,62,52.04,76.93,12.0,4.0
399,Kuryk,52,KZ,1570544231,38,43.18,51.68,21.31,4.09
400,Tarakan,20,ID,1570544231,83,3.3,117.63,27.0,1.5
401,Alice Springs,0,AU,1570544232,24,-23.7,133.88,19.0,3.6
402,Anton Lizardo,75,MX,1570544232,88,19.05,-95.98,25.56,10.08
403,Faranah,100,GN,1570544232,79,10.04,-10.74,27.11,2.08
404,Fare,100,PF,1570544233,85,-16.7,-151.02,24.51,10.15
405,San Quintin,0,PH,1570544233,85,17.54,120.52,22.71,2.3
406,Cayenne,75,GF,1570544233,62,4.94,-52.33,31.0,3.6
407,Saint-Georges,0,CA,1570544029,87,46.12,-70.67,11.11,0.89
408,Pacific Grove,1,US,1570544234,54,36.62,-121.92,15.0,1.13
409,Guzelyurt,75,TR,1570544234,38,38.28,34.37,23.0,5.7
410,Udachnyy,90,RU,1570544235,92,66.42,112.4,-9.0,4.0
411,Muborak,0,UZ,1570544235,23,39.25,65.15,20.91,4.37
412,Le Port,91,FR,1570544236,48,42.87,1.37,27.78,1.34
413,Bulgan,0,MN,1570544236,49,48.81,103.53,5.71,2.49
414,Avera,75,US,1570544236,69,33.19,-82.53,24.0,2.6
415,Tibagi,83,BR,1570544237,46,-24.52,-50.41,24.91,2.05
416,Igrim,80,RU,1570544237,93,63.19,64.42,5.61,1.99
417,Del Rio,1,US,1570544238,68,29.36,-100.9,20.0,3.1
418,Tarko-Sale,100,RU,1570544238,90,64.92,77.78,0.0,3.41
419,Noyabrsk,98,RU,1570544239,77,63.2,75.45,1.11,4.87
420,Nuuk,20,GL,1570544130,74,64.17,-51.74,3.0,1.0
421,Tecoanapa,90,MX,1570544239,78,16.99,-99.26,28.0,1.5
422,Telde,20,ES,1570544240,65,27.99,-15.42,26.11,10.3
423,Heihe,0,RU,1570544240,41,50.24,127.51,4.0,3.0
424,Fairbanks,90,US,1570543945,91,64.84,-147.72,0.0,1.5
425,Dzilam Gonzalez,100,MX,1570544241,73,21.28,-88.93,30.56,2.41
426,Iquique,20,CL,1570544241,67,-20.22,-70.14,16.0,3.6
427,Kulhudhuffushi,9,MV,1570544241,76,6.62,73.07,28.31,4.78
428,Sao Miguel,62,BR,1570544242,64,4.52,-61.01,26.71,1.63
429,Kamenka,52,MD,1570544242,51,48.03,28.7,9.44,1.34
430,Vila Franca do Campo,75,PT,1570544243,72,37.72,-25.43,21.67,7.7
431,Clyde River,1,CA,1570544243,100,70.47,-68.59,-2.0,0.81
432,Sijunjung,100,ID,1570544243,97,-0.69,100.95,19.91,1.15
433,Guaymas,5,MX,1570544135,54,27.92,-110.9,28.0,1.9
434,Karachi,0,PK,1570544094,55,24.87,67.03,30.0,4.1
435,Dingle,38,PH,1570544244,85,11.0,122.67,23.61,1.91
436,Baracoa,99,CU,1570544244,78,20.35,-74.5,27.91,1.2
437,Abha,40,SA,1570544244,23,18.22,42.5,25.0,8.2
438,Bergkamen,75,DE,1570544244,82,51.61,7.64,15.56,4.1
439,Burnham,100,NZ,1570544246,63,-43.62,172.3,16.11,4.1
440,Zastron,0,ZA,1570544246,17,-30.3,27.08,23.41,3.18
441,Cisnadie,40,RO,1570544246,46,45.72,24.15,12.0,2.1
442,Brigantine,90,US,1570544247,87,39.41,-74.36,18.33,6.7
443,Sarvar,0,HU,1570544247,47,47.25,16.94,15.0,7.2
444,Ossora,0,RU,1570544247,69,59.24,163.07,-3.0,1.9
445,Ambilobe,92,MG,1570544248,55,-13.19,49.05,26.71,8.43
446,Sechura,90,PE,1570544248,89,-5.56,-80.82,16.71,3.29
447,Goderich,0,CA,1570544105,75,43.74,-81.71,12.22,4.02
448,Pontianak,97,ID,1570544249,76,-0.02,109.34,27.91,3.74
449,Pombas,28,BR,1570544249,42,-15.9,-54.74,32.71,2.46
450,Waupun,1,US,1570544249,76,43.63,-88.73,13.33,4.16
451,Vanimo,100,PG,1570544250,76,-2.67,141.3,28.31,2.94
452,Sur,0,OM,1570544250,68,22.57,59.53,26.71,3.87
453,Gravdal,75,NO,1570544250,87,59.79,5.78,10.56,5.7
454,Teguldet,26,RU,1570544250,86,57.31,88.17,2.41,2.24
455,Stonehaven,20,GB,1570544251,76,56.96,-2.22,12.22,7.2
456,Bridlington,0,GB,1570544251,59,54.08,-0.19,16.11,6.7
457,Erenhot,0,CN,1570544251,41,43.65,111.97,10.21,4.12
458,Hamilton,20,CA,1570544082,87,43.26,-79.87,16.67,3.6
459,Sorland,40,NO,1570544252,58,67.67,12.69,8.0,10.8
460,Boyolangu,51,ID,1570544252,93,-8.09,111.9,20.61,2.21
461,Riberalta,75,BO,1570544253,78,-11.0,-66.08,24.0,2.1
462,Kununurra,90,AU,1570544253,58,-15.77,128.74,28.0,3.6
463,Tual,100,ID,1570544254,84,-5.67,132.75,26.61,9.22
464,Tieli,0,CN,1570544254,50,46.98,128.05,2.91,2.0
465,Miles City,1,US,1570544254,65,46.41,-105.84,12.78,4.6
466,Kumphawapi,40,TH,1570544254,74,17.11,103.01,27.0,3.1
467,Jinka,100,ET,1570544255,93,5.79,36.57,19.01,1.58
468,Morehead,1,US,1570544255,93,38.18,-83.43,12.0,2.6
469,Horta,40,BR,1570544255,65,-10.93,-37.66,28.0,7.7
470,Beloha,0,MG,1570544256,21,-25.17,45.06,32.41,5.42
471,Seymchan,45,RU,1570544256,92,62.93,152.39,-14.4,0.69
472,Wawa,98,NG,1570544256,72,9.9,4.41,28.41,1.66
473,Bathsheba,75,BB,1570544257,66,13.22,-59.52,29.0,9.3
474,Skawina,0,PL,1570544257,50,49.97,19.83,12.22,3.6
475,Verkhnyaya Inta,68,RU,1570544258,86,65.99,60.32,3.41,2.58
476,Palmer,75,AU,1570544259,66,-34.85,139.16,11.67,3.1
477,Nanortalik,100,GL,1570544259,80,60.14,-45.24,4.61,0.83
478,Port Hawkesbury,90,CA,1570544260,93,45.62,-61.36,16.11,2.6
479,Vagur,100,FO,1570544261,95,61.47,-6.81,9.81,7.02
480,Deputatskiy,100,RU,1570544262,99,69.3,139.9,-16.2,1.23
481,Tarragona,20,ES,1570544262,60,41.12,1.25,25.56,5.1
482,Xining,96,CN,1570544263,84,36.62,101.77,5.91,0.56
483,Moose Factory,90,CA,1570544264,100,51.26,-80.61,4.0,4.6
484,Tucuman,0,PE,1570544264,8,-17.17,-70.89,23.01,4.14
485,Norsup,98,VU,1570544264,78,-16.07,167.38,25.31,3.13
486,Mwanza,20,TZ,1570544265,65,-2.52,32.9,26.0,5.7
487,Ngunguru,41,NZ,1570544265,93,-35.62,174.5,9.44,0.74
488,Kupang,20,ID,1570544074,65,-10.16,123.6,25.0,2.1
489,Luderitz,0,NA,1570544266,56,-26.65,15.16,22.0,12.3
490,Ibra,0,OM,1570544266,47,22.69,58.55,26.61,3.65
491,Kirakira,70,SB,1570544266,84,-10.46,161.92,25.51,1.28
492,Kingston,20,JM,1570544223,62,17.97,-76.79,31.0,8.7
493,Big Rapids,1,US,1570544267,76,43.7,-85.48,12.22,2.1
494,Kloulklubed,75,PW,1570544267,83,7.04,134.26,28.0,5.1
495,Shubarshi,100,KZ,1570544268,51,48.59,57.19,15.91,3.69
496,Petropavlovsk-Kamchatskiy,99,RU,1570544268,93,53.05,158.65,2.0,1.0
497,Krasnyy Oktyabr,89,RU,1570544268,79,56.12,38.88,0.81,3.07
498,Urucara,92,BR,1570544269,67,-2.54,-57.76,28.51,1.11
499,Charters Towers,0,AU,1570544269,32,-20.07,146.27,20.71,2.49
500,Dukat,82,AL,1570544270,56,40.25,19.57,22.22,0.45
501,Kedrovyy,40,RU,1570544270,56,56.17,91.82,7.0,1.0
502,Bonfim,0,BR,1570544271,50,-20.33,-44.24,26.0,5.1
503,Ayan,13,IR,1570544271,37,38.23,44.7,12.81,3.02
504,Te Anau,100,NZ,1570544273,97,-45.41,167.72,7.91,0.71
505,Toora-Khem,77,RU,1570544273,76,52.47,96.11,7.41,3.07
506,Coos Bay,75,US,1570544273,93,43.37,-124.22,14.0,8.04
507,Acapulco,90,MX,1570544202,78,16.86,-99.88,28.0,1.5
508,Verkhnyaya Toyma,100,RU,1570544274,96,62.24,45.0,0.91,7.25
509,Zhigansk,99,RU,1570544274,93,66.77,123.37,-4.2,2.58
510,Rundu,0,NA,1570544274,6,-17.91,19.77,37.0,2.6
511,Hendek,75,TR,1570544275,93,40.8,30.75,14.0,1.5
512,Phan Thiet,89,VN,1570544275,87,10.93,108.1,23.91,1.12
513,Trairi,45,BR,1570544276,35,-3.28,-39.27,33.81,4.78
514,Pedernales,100,EC,1570544276,86,0.07,-80.05,23.61,6.29
515,Homer,1,US,1570544276,100,59.64,-151.54,7.0,4.01
516,Bonthe,100,SL,1570544277,96,7.53,-12.5,23.61,5.28
517,Sunnyside,100,CA,1570544278,83,47.86,-53.92,16.11,9.55
518,Shelburne,20,CA,1570544279,76,44.08,-80.2,15.56,3.1
519,Thabazimbi,0,ZA,1570544279,10,-24.59,27.41,35.56,3.58
520,Poum,75,MK,1570544279,54,41.28,20.71,15.0,2.6
521,Iacu,37,BR,1570544280,42,-12.77,-40.21,31.11,4.71
522,Atar,2,MR,1570544280,6,20.52,-13.05,40.01,4.98
523,Khorinsk,100,RU,1570544281,94,52.16,109.78,4.61,5.59
524,Bien Hoa,20,VN,1570544129,74,10.95,106.82,29.0,4.6
525,Saint-Germain-de-Grantham,1,CA,1570544281,87,45.84,-72.57,12.22,2.1
526,Garowe,98,SO,1570544282,39,8.41,48.48,31.21,4.93
527,Miracema do Tocantins,100,BR,1570544282,33,-9.56,-48.4,36.01,1.33
528,Stoughton,1,CA,1570544119,70,49.68,-103.03,7.0,4.6
529,Sisophon,100,KH,1570544282,86,13.59,102.97,24.61,0.43
530,Mucuri,62,BR,1570544283,63,-18.08,-39.55,28.31,4.05
531,Glendive,1,US,1570544283,75,47.11,-104.71,9.0,3.6
532,Nur,100,PL,1570544283,66,52.67,22.32,7.51,5.74
533,Caravelas,80,BR,1570544284,77,-17.73,-39.27,25.81,5.05
534,Douglas,1,US,1570544284,86,58.28,-134.39,0.56,2.29
535,Buraydah,0,SA,1570544284,27,26.33,43.97,37.0,6.2
536,Yakeshi,29,CN,1570544285,75,49.28,120.73,5.01,4.1
537,Kashira,0,RU,1570544285,55,54.84,38.15,4.0,4.0
538,Lesnoye,100,RU,1570544285,96,51.57,42.77,6.67,0.45
539,Shache,100,CN,1570544285,74,38.42,77.24,17.22,1.34
540,Buchanan,75,LR,1570544286,70,5.88,-10.05,30.0,6.7
541,Lianzhou,79,CN,1570544286,75,24.79,112.38,18.01,1.32
542,Peterhead,75,AU,1570544287,66,-34.83,138.5,11.67,3.1
543,Salta,0,AR,1570544265,38,-24.79,-65.41,26.0,1.5
544,Majene,8,ID,1570544287,68,-3.54,118.97,28.21,3.04
545,Chiredzi,2,ZW,1570544287,13,-21.05,31.67,36.91,5.8
546,Agadez,75,NE,1570544288,29,16.97,7.99,38.0,5.1
547,Nhulunbuy,100,AU,1570544288,88,-12.18,136.78,23.0,2.1
548,Harbour Breton,100,CA,1570544288,94,47.48,-55.8,10.91,10.94
549,Qaqortoq,75,GL,1570544289,82,60.72,-46.03,4.0,1.0
550,Okakarara,34,NA,1570544289,8,-20.59,17.46,33.51,1.68
551,Sao Sebastiao,40,BR,1570544289,79,-3.15,-58.36,30.0,1.5
552,Duncan,1,US,1570544026,81,34.5,-97.96,15.0,2.6
553,Talcahuano,0,CL,1570544290,58,-36.72,-73.12,13.0,4.1
554,Valdivia,75,CL,1570544290,100,-39.81,-73.25,8.0,1.0
555,Nome,90,US,1570544290,88,30.04,-94.42,21.11,3.1
556,Saint-Denis,75,FR,1570544291,87,48.94,2.36,15.0,3.6
